,SLM,MLP
0,0.4761904761904762,0.5
1,0.7380952380952381,0.5
2,0.5476190476190477,0.5
3,0.6904761904761905,0.5
4,0.5952380952380952,0.5
5,0.5714285714285714,0.4523809523809524
6,0.675,0.5
7,0.675,0.5
8,0.55,0.5
9,0.55,0.5
10,0.575,0.5
11,0.775,0.5
12,0.775,0.55
13,0.775,0.5
14,0.575,0.5
15,0.725,0.5
16,0.6,0.5
17,0.625,0.5
18,0.625,0.5
19,0.75,0.5
20,0.775,0.5
21,0.65,0.5
22,0.55,0.5
23,0.5,0.5
24,0.65,0.5
25,0.725,0.5
26,0.55,0.5
27,0.725,0.5
28,0.8,0.5
29,0.55,0.5
