,"SLM (FLS), SLM (FLS) + RST, SLM (FLS) + RWT"
0,0.46193074735171163
1,0.5893385677146878
2,0.32929534366335167
3,0.4659854395018798
4,0.650874081737401
