,"SLM (BLS) + TIE, SLM (BLS) + EDV","SLM (BLS), SLM (BLS) + RST, SLM (BLS) + RWT"
0,1.1720609796611414,5.523427444604494
1,5.641893928141714,6.295076682268838
