,"SLM (BLS) + TIE, SLM (BLS) + EDV","SLM (OLS), SLM (OLS) + RST, SLM (OLS) + RWT","SLM (BLS), SLM (BLS) + RST, SLM (BLS) + RWT",SLM (OLS) + EDV
0,9.63451639916044,296.0852176487794,20.654838064619867,662.3251769766612
1,5.342009743419112,249.64162116841862,100.94383371724734,720.284569629669
