,"SLM (BLS) + TIE, SLM (BLS) + EDV","SLM (OLS), SLM (OLS) + RST, SLM (OLS) + RWT","SLM (BLS), SLM (BLS) + RST, SLM (BLS) + RWT",SLM (OLS) + EDV
0,0.49375,0.48124999999999996,0.495,0.49874999999999997
1,0.49124999999999996,0.49624999999999997,0.485,0.495
